{"cameraMode":{"drawMode":0,"name":"Shaded","section":"Shading Mode"},"sceneLighting":false,"audioPlay":false,"sceneViewState":{"showFog":true,"showMaterialUpdate":true,"showSkybox":true,"showFlares":true,"showImageEffects":true,"showParticleSystems":true},"in2DMode":false,"pivot":{"x":-0.67706298828125,"y":-17.633663177490236,"z":11.664329528808594},"rotation":{"x":-0.15807169675827027,"y":0.6000365614891052,"z":-0.12245175242424011,"w":-0.7745810151100159},"size":74.06148529052735,"orthographic":false}